productName,SKU,productType,productSection,productOrder,complSheets,complCurtains,complPillowCovers,complCushions,complDecoration,pageTemplate,pageTitle,pageSubtitle,pageCopys,pageResources,pageKeywords,pageVideos,pageStatus,pageProducts,pageIcons,pageSeoTitle,pageSeoDescription
Edredón Qs/Mat Xl Bernal,88865,Edredón,Página 1 / Juegos de Edredón,1,[],[],[],[],[],JuegoDeEdredon,Bernal,Juego de Edredón,[],[],[],[],Activa,['88865'],[],,
Edredón Qs/Mat Xl Cobá,88816,Edredón,Página 1 / Juegos de Edredón,2,[],[],[],[],[],JuegoDeEdredon,Cobá,Juego de Edredón,[],[],[],[],Activa,['88816'],[],,
Edredón Qs/Mat Xl Girona,88856,Edredón,Página 1 / Juegos de Edredón,3,[],[],[],[],[],JuegoDeEdredon,Girona,Juego de Edredón,[],[],[],[],Activa,['88856'],[],,
Edredón Qs/Mat Xl Palmar,88883,Edredón,Página 1 / Juegos de Edredón,4,[],[],[],[],[],JuegoDeEdredon,Palmar,Juego de Edredón,[],[],[],[],Activa,['88883'],[],,
Edredón Qs/Mat Xl Bliss,88575,Edredón,Página 1 / Juegos de Edredón,5,[],[],[],[],[],JuegoDeEdredon,Bliss,Juego de Edredón,[],[],[],[],Activa,['88575'],[],,
Edredón Qs/Mat Xl Mónaco,87848,Edredón,Página 1 / Juegos de Edredón,6,[],[],[],[],[],JuegoDeEdredon,Mónaco,Juego de Edredón,[],[],[],[],Activa,['87848'],[],,
Edredón Qs/Mat Xl Navarra,88874,Edredón,Página 1 / Juegos de Edredón,7,[],[],[],[],[],JuegoDeEdredon,Navarra,Juego de Edredón,[],[],[],[],Activa,['88874'],[],,
Edredón Qs/Mat Xl Talpa,88872,Edredón,Página 1 / Juegos de Edredón,8,[],[],[],[],[],JuegoDeEdredon,Talpa,Juego de Edredón,[],[],[],[],Activa,['88872'],[],,
Edredón Qs/Mat Xl Taxco,88807,Edredón,Página 1 / Juegos de Edredón,9,[],[],[],[],[],JuegoDeEdredon,Taxco,Juego de Edredón,[],[],[],[],Activa,['88807'],[],,
Edredón Qs/Mat Xl Provenza,87828,Edredón,Página 1 / Juegos de Edredón,10,[],[],[],[],[],JuegoDeEdredon,Provenza,Juego de Edredón,[],[],[],[],Activa,['87828'],[],,
Edredón Qs/Mat Xl Praga,88863,Edredón,Página 1 / Juegos de Edredón,11,[],[],[],[],[],JuegoDeEdredon,Praga,Juego de Edredón,[],[],[],[],Activa,['88863'],[],,
Edredón Qs/Mat Xl Cataluña,88803,Edredón,Página 1 / Juegos de Edredón,12,[],[],[],[],[],JuegoDeEdredon,Cataluña,Juego de Edredón,[],[],[],[],Activa,['88803'],[],,
Edredón Qs/Mat Xl Tecali,87866,Edredón,Página 1 / Juegos de Edredón,13,[],[],[],[],[],JuegoDeEdredon,Tecali,Juego de Edredón,[],[],[],[],Activa,['87866'],[],,
Edredón Qs/Mat Xl Duvet,87536,Edredón,Página 1 / Juegos de Edredón,14,[],[],[],[],[],JuegoDeEdredon,Duvet,Juego de Edredón,[],[],[],[],Activa,['87536'],[],,
Edredón Qs/Mat Xl Duvet Basic,88513,Edredón,Página 1 / Juegos de Edredón,15,[],[],[],[],[],JuegoDeEdredon,Duvet Basic,Juego de Edredón,[],[],[],[],Activa,['88513'],[],,
Edredón Qs/Mat Xl Castilla,88696,Edredón,Página 1 / Juegos de Edredón,16,[],[],[],[],[],JuegoDeEdredon,Castilla,Juego de Edredón,[],[],[],[],Activa,['88696'],[],,
Edredón Qs/Mat Xl Burdeos,87807,Edredón,Página 1 / Juegos de Edredón,17,[],[],[],[],[],JuegoDeEdredon,Burdeos,Juego de Edredón,[],[],[],[],Activa,['87807'],[],,
Edredón Qs/Mat Xl Blossom,88570,Edredón,Página 1 / Juegos de Edredón,18,[],[],[],[],[],JuegoDeEdredon,Blossom,Juego de Edredón,[],[],[],['/videos/chavos/EdredonBlossom.mp4'],Activa,['88570'],[],,
Edredón Qs/Mat Xl Acuarela,88881,Edredón,Página 1 / Juegos de Edredón,19,[],[],[],[],[],JuegoDeEdredon,Acuarela,Juego de Edredón,[],[],[],[],Activa,['88881'],[],,
Edredón Qs/Mat Xl Jade,88444,Edredón,Página 1 / Juegos de Edredón,20,[],[],[],[],[],JuegoDeEdredon,Jade,Juego de Edredón,[],[],[],[],Activa,['88444'],[],,
Edredón Qs/Mat Xl Comala,87875,Edredón,Página 1 / Juegos de Edredón,21,[],[],[],[],[],JuegoDeEdredon,Comala,Juego de Edredón,[],[],[],[],Activa,['87875'],[],,
Edredón Qs/Mat Xl Summer,88605,Edredón,Página 1 / Juegos de Edredón,22,[],[],[],[],[],JuegoDeEdredon,Summer,Juego de Edredón,[],[],[],[],Activa,['88605'],[],,
Edredón Qs/Mat Xl Sorrento,88597,Edredón,Página 1 / Juegos de Edredón,23,[],[],[],[],[],JuegoDeEdredon,Sorrento,Juego de Edredón,[],[],[],['/videos/chavos/EdredonSorrento.mp4'],Activa,['88597'],[],,
Edredón Qs/Mat Xl Gales,87509,Edredón,Página 1 / Juegos de Edredón,24,[],[],[],[],[],JuegoDeEdredon,Gales,Juego de Edredón,[],[],[],[],Activa,['87509'],[],,
Edredón Qs/Mat Xl Pretty,87568,Edredón,Página 1 / Juegos de Edredón,25,[],[],[],[],[],JuegoDeEdredon,Pretty,Juego de Edredón,[],[],[],[],Activa,['87568'],[],,
Edredón Qs/Mat Xl Thai,87534,Edredón,Página 1 / Juegos de Edredón,26,[],[],[],[],[],JuegoDeEdredon,Thai,Juego de Edredón,[],[],[],[],Activa,['87534'],[],,
Edredón Mat Roseta,86598,Edredón,Página 1 / Juegos de Edredón,27,[],[],[],[],[],JuegoDeEdredon,Roseta,Juego de Edredón,[],[],[],[],Activa,['86598'],[],,
Edredón Mat Chicago,86103,Edredón,Página 1 / Juegos de Edredón,28,[],[],[],[],[],JuegoDeEdredon,Chicago,Juego de Edredón,[],[],[],[],Activa,['86103'],[],,
Edredón Qs/Mat Xl Ferrara,84611,Edredón,Página 1 / Juegos de Edredón,29,[],[],[],[],[],JuegoDeEdredon,Ferrara,Juego de Edredón,[],[],[],[],Activa,['84611'],[],,
Edredón Mat Dilar,83921,Edredón,Página 1 / Juegos de Edredón,30,[],[],[],[],[],JuegoDeEdredon,Dilar,Juego de Edredón,[],[],[],[],Activa,['83921'],[],,
Edredón Nuut Mat Peony,88744,Edredón Nuut,Página 2 / Edredones Nuut,1,[],[],[],[],[],EdredonNuut,Peony,Edredón Nuut,[],[],[],[],Activa,['88744'],[],,
Edredón Nuut Mat Celeste,88748,Edredón Nuut,Página 2 / Edredones Nuut,2,[],[],[],[],[],EdredonNuut,Celeste,Edredón Nuut,[],[],[],[],Activa,['88748'],[],,
Edredón Nuut Mat Stone,88512,Edredón Nuut,Página 2 / Edredones Nuut,3,[],[],[],[],[],EdredonNuut,Stone,Edredón Nuut,[],[],[],[],Activa,['88512'],[],,
Funda De Duvet Qs/Mat Xl Salvia,88709,Funda De Duvet,Página 2 / Edredones Nuut,4,[],[],[],[],[],JuegoDeEdredon,Salvia,Funda de Duvet,[],[],[],[],Activa,['88709'],[],,
Funda De Duvet Qs/Mat Xl Valencia,87811,Funda De Duvet,Página 2 / Edredones Nuut,5,[],[],[],[],[],JuegoDeEdredon,Valencia,Funda de Duvet,[],[],[],[],Activa,['87811'],[],,
Funda De Duvet Qs/Mat Xl Atlantic,88701,Funda De Duvet,Página 2 / Edredones Nuut,6,[],[],[],[],[],JuegoDeEdredon,Atlantic,Funda de Duvet,[],[],[],[],Activa,['88701'],[],,
Funda De Duvet Qs/Mat Xl Deco,87537,Funda De Duvet,Página 2 / Edredones Nuut,7,[],[],[],[],[],JuegoDeEdredon,Deco,Funda de Duvet,[],[],[],[],Activa,['87537'],[],,
Funda De Duvet Qs/Mat Xl Noruega,88703,Funda De Duvet,Página 2 / Edredones Nuut,8,[],[],[],[],[],JuegoDeEdredon,Noruega,Funda de Duvet,[],[],[],[],Activa,['88703'],[],,
Funda De Duvet Qs/Mat Xl Arabia,87819,Funda De Duvet,Página 2 / Edredones Nuut,9,[],[],[],[],[],JuegoDeEdredon,Arabia,Funda de Duvet,[],[],[],[],Activa,['87819'],[],,
Funda De Duvet Qs/Mat Xl Berry,88548,Funda De Duvet,Página 2 / Edredones Nuut,10,[],[],[],[],[],JuegoDeEdredon,Berry,Funda de Duvet,[],[],[],[],Activa,['88548'],[],,
Edredón Voga Qs/Mat Xl Camel,88707,Edredón Voga,Página 3 / Edredones Voga,1,[],[],[],[],[],EdredonVoga,Camel,Edredón,[],[],[],[],Activa,['88707'],[],,
Edredón Voga Qs/Mat Xl Lila,88651,Edredón Voga,Página 3 / Edredones Voga,2,[],[],[],[],[],EdredonVoga,Lila,Edredón,[],[],[],[],Activa,['88651'],[],,
Edredón Voga Qs/Mat Xl Verde,86457,Edredón Voga,Página 3 / Edredones Voga,3,[],[],[],[],[],EdredonVoga,Verde,Edredón,[],[],[],[],Activa,['86457'],[],,
Edredón Voga Qs/Mat Xl Estambul,87746,Edredón Voga,Página 3 / Edredones Voga,4,[],[],[],[],[],EdredonVoga,Estambul,Edredón,[],[],[],[],Activa,['87746'],[],,
Edredón Voga Qs/Mat Xl Esmeralda,86256,Edredón Voga,Página 3 / Edredones Voga,5,[],[],[],[],[],EdredonVoga,Esmeralda,Edredón,[],[],[],[],Activa,['86256'],[],,
Edredón Novo Mat Comitán,88686,Edredón Novo,Página 4 / Edredones Novo,1,[],[],[],[],[],EdredonNovo,Comitán,Edredón Novo,[],[],[],[],Activa,['88686'],[],,
Edredón Novo Mat Arena,88677,Edredón Novo,Página 4 / Edredones Novo,2,[],[],[],[],[],EdredonNovo,Arena,Edredón Novo,[],[],[],[],Activa,['88677'],[],,
Edredón Novo Mat Terracota,88680,Edredón Novo,Página 4 / Edredones Novo,3,[],[],[],[],[],EdredonNovo,Terracota,Edredón Novo,[],[],[],[],Activa,['88680'],[],,
Edredón Novo Mat Lisboa,88689,Edredón Novo,Página 4 / Edredones Novo,4,[],[],[],[],[],EdredonNovo,Lisboa,Edredón Novo,[],[],[],[],Activa,['88689'],[],,
Edredón Novo Mat Mint,88683,Edredón Novo,Página 4 / Edredones Novo,5,[],[],[],[],[],EdredonNovo,Mint,Edredón Novo,[],[],[],[],Activa,['88683'],[],,
Edredón Novo Mat Atlántico,88661,Edredón Novo,Página 4 / Edredones Novo,6,[],[],[],[],[],EdredonNovo,Atlántico,Edredón Novo,[],[],[],[],Activa,['88661'],[],,
Edredón Novo Mat Olivo,43862,Edredón Novo,Página 4 / Edredones Novo,7,[],[],[],[],[],EdredonNovo,Olivo,Edredón Novo,[],[],[],[],Activa,['43862'],[],,
Edredón Novo Mat Malva,86548,Edredón Novo,Página 4 / Edredones Novo,8,[],[],[],[],[],EdredonNovo,Malva,Edredón Novo,[],[],[],[],Activa,['86548'],[],,
Edredón Novo Mat Estaño,88432,Edredón Novo,Página 4 / Edredones Novo,9,[],[],[],[],[],EdredonNovo,Estaño,Edredón Novo,[],[],[],[],Activa,['88432'],[],,
Edredón Novo Mat Blush,87726,Edredón Novo,Página 4 / Edredones Novo,10,[],[],[],[],[],EdredonNovo,Blush,Edredón Novo,[],[],[],[],Activa,['87726'],[],,
Edredón Novo Mat Creta,86705,Edredón Novo,Página 4 / Edredones Novo,11,[],[],[],[],[],EdredonNovo,Creta,Edredón Novo,[],[],[],[],Activa,['86705'],[],,
Edredón Novo Mat Boston,86406,Edredón Novo,Página 4 / Edredones Novo,12,[],[],[],[],[],EdredonNovo,Boston,Edredón Novo,[],[],[],[],Activa,['86406'],[],,
Edredón Novo Mat Cobalto,86713,Edredón Novo,Página 4 / Edredones Novo,13,[],[],[],[],[],EdredonNovo,Cobalto,Edredón Novo,[],[],[],[],Activa,['86713'],[],,
Edredón Novo Mat Veneto,87714,Edredón Novo,Página 4 / Edredones Novo,14,[],[],[],[],[],EdredonNovo,Veneto,Edredón Novo,[],[],[],[],Activa,['87714'],[],,
Edredón Novo Mat Marla,88428,Edredón Novo,Página 4 / Edredones Novo,15,[],[],[],[],[],EdredonNovo,Marla,Edredón Novo,[],[],[],[],Activa,['88428'],[],,
Edredón Novo Mat Ultramar,87460,Edredón Novo,Página 4 / Edredones Novo,16,[],[],[],[],[],EdredonNovo,Ultramar,Edredón Novo,[],[],[],[],Activa,['87460'],[],,
Edredón Novo Mat Deep Rose,43864,Edredón Novo,Página 4 / Edredones Novo,17,[],[],[],[],[],EdredonNovo,Deep Rose,Edredón Novo,[],[],[],[],Activa,['43864'],[],,
Edredón Novo Mat Milán,86405,Edredón Novo,Página 4 / Edredones Novo,18,[],[],[],[],[],EdredonNovo,Milán,Edredón Novo,[],[],[],[],Activa,['86405'],[],,
Colcha Mat Tula,87412,Colcha,Página 4 / Edredones Novo,19,[],[],[],[],[],JuegoDeEdredon,Tula,Colcha,[],[],[],[],Activa,['87412'],[],,
Colcha Mat Bambú,88877,Colcha,Página 4 / Edredones Novo,20,[],[],[],[],[],JuegoDeEdredon,Bambú,Colcha,[],[],[],[],Activa,['88877'],[],,
Colcha Mat Australia,87804,Colcha,Página 4 / Edredones Novo,21,[],[],[],[],[],JuegoDeEdredon,Australia,Colcha,[],[],[],[],Activa,['87804'],[],,
Colcha Mat Mauve,88887,Colcha,Página 4 / Edredones Novo,22,[],[],[],[],[],JuegoDeEdredon,Mauve,Colcha,[],[],[],[],Activa,['88887'],[],,
Colcha Mat Plumas,86724,Colcha,Página 4 / Edredones Novo,23,[],[],[],[],[],JuegoDeEdredon,Plumas,Colcha,[],[],[],[],Activa,['86724'],[],,
Colcha Mat Azálea,88850,Colcha,Página 4 / Edredones Novo,24,[],[],[],[],[],JuegoDeEdredon,Azálea,Colcha,[],[],[],[],Activa,['88850'],[],,
Colcha Mat Rosalia,86361,Colcha,Página 4 / Edredones Novo,25,[],[],[],[],[],JuegoDeEdredon,Rosalia,Colcha,[],[],[],[],Activa,['86361'],[],,
Colcha Mat Lavanda,86503,Colcha,Página 4 / Edredones Novo,26,[],[],[],[],[],JuegoDeEdredon,Lavanda,Colcha,[],[],[],[],Activa,['86503'],[],,
Jgo Bolsas Comprimibles Care Gde,51138 o 88139,Accesorio Clóset,Página 4 / Edredones Novo,27,[],[],[],[],[],Sublinea,Jgo Bolsas Comprimibles Care,,[],[],[],[],Activa,['51138 o 88139'],[],,
Bolsa Para Almacenamiento Vinil,88338,Accesorio Clóset,Página 4 / Edredones Novo,28,[],[],[],[],[],Sublinea,Bolsa Para Almacenamiento Vinil,,[],[],[],[],Activa,['88338'],[],,
Frazada Cooling,88867,Frazada Cooling,Página 5 / Cobertores,1,[],[],[],[],[],Cobertor,Cooling,,[],[],[],[],Activa,['88867'],[],,
Mumbai Beige Frazada,77556,Frazada Mumbai,Página 5 / Cobertores,2,[],[],[],[],[],JuegoDeEdredon,Mumbai Beige,,[],[],[],[],Activa,['77556'],[],,
Mumbai Siena Frazada,87824,Frazada Mumbai,Página 5 / Cobertores,3,[],[],[],[],[],JuegoDeEdredon,Mumbai Siena,,[],[],[],[],Activa,['87824'],[],,
Mumbai Gris Neutral Frazada,87823,Frazada Mumbai,Página 5 / Cobertores,4,[],[],[],[],[],JuegoDeEdredon,Mumbai Gris Neutral,,[],[],[],[],Activa,['87823'],[],,
Mumbai Menta Frazada,88585,Frazada Mumbai,Página 5 / Cobertores,5,[],[],[],[],[],JuegoDeEdredon,Mumbai Menta,,[],[],[],[],Activa,['88585'],[],,
Cobertor Ligero Mat/Ind Navy,88670,Cobertor Ligero,Página 5 / Cobertores,6,[],[],[],[],[],Cobertor,Navy,Cobertor Ligero,[],[],[],[],Activa,['88670'],[],,
Cobertor Ligero Mat/Ind Abadía,88666,Cobertor Ligero,Página 5 / Cobertores,7,[],[],[],[],[],Cobertor,Abadía,Cobertor Ligero,[],[],[],[],Activa,['88666'],[],,
Cobertor Ligero Mat/Ind Hanami,87787,Cobertor Ligero,Página 5 / Cobertores,8,[],[],[],[],[],Cobertor,Hanami,Cobertor Ligero,[],[],[],[],Activa,['87787'],[],,
Cobertor Ligero Mat/Ind Terracota,88674,Cobertor Ligero,Página 5 / Cobertores,9,[],[],[],[],[],Cobertor,Terracota,Cobertor Ligero,[],[],[],[],Activa,['88674'],[],,
Cobertor Ligero Mat/Ind Estonia,52396,Cobertor Ligero,Página 5 / Cobertores,10,[],[],[],[],[],Cobertor,Estonia,Cobertor Ligero,[],[],[],[],Activa,['52396'],[],,
Cobertor Ligero Mat/Ind Negro,52588,Cobertor Ligero,Página 5 / Cobertores,11,[],[],[],[],[],Cobertor,Negro,Cobertor Ligero,[],[],[],[],Activa,['52588'],[],,
Cobertor Ligero Ks/Qs Celeste,88442,Cobertor Ligero,Página 5 / Cobertores,12,[],[],[],[],[],Cobertor,Celeste,Cobertor Ligero,[],[],[],[],Activa,['88442'],[],,
Bolsa De Regalo Vianney 24-25,88757,Bolsa De Regalo,Página 5 / Cobertores,13,[],[],[],[],[],Sublinea,Bolsa De Regalo Vianney 24-25,,[],[],[],[],Activa,['88757'],[],,
Almohada Std Vialifresh,35161,Almohadas,Página 6 / Básicos,1,[],[],[],[],[],Almohadas,Vialifresh,,[],[],['vialifresh'],[],Activa,['35161'],[],,
Almohada Std Vialifresh Super Confort,35209,Almohadas,Página 6 / Básicos,2,[],[],[],[],[],Almohadas,Vialifresh Super Confort,,[],[],['vialifresh'],[],Activa,['35209'],[],,
Almohada Pocket,35646,Almohadas,Página 6 / Básicos,3,[],[],[],[],[],Almohadas,Pocket,,[],[],[],[],Activa,['35646'],[],,
Almohada Ks Balance,35215 35214,Almohadas,Página 6 / Básicos,4,[],[],[],[],[],Almohadas,Balance,,[],[],[],[],Activa,['35215 35214'],[],,
Almohada Ks Básica Plus,88692,Almohadas,Página 6 / Básicos,5,[],[],[],[],[],Almohadas,Básica Plus,,[],[],[],[],Activa,['88692'],[],,
Almohada Ks Cooling,36260,Almohadas,Página 6 / Básicos,6,[],[],[],[],[],Almohadas,Cooling,,[],[],[],[],Activa,['36260'],[],,
Almohada Ks Antiviral Impermeable,35219 35217,Almohadas,Página 6 / Básicos,7,[],[],[],[],[],Almohadas,Antiviral Impermeable,,[],[],[],[],Activa,['35219 35217'],[],,
Cojín Modular Std,87647,Almohadas,Página 6 / Básicos,8,[],[],[],[],[],Almohadas,Modular,,[],[],[],[],Activa,['87647'],[],,
Almohada Std Super Confort,35205,Almohadas,Página 6 / Básicos,9,[],[],[],[],[],Almohadas,Super Confort,,[],[],[],[],Activa,['35205'],[],,
Protector De Almohada Cooling Std,87554,Almohadas,Página 6 / Básicos,10,[],[],[],[],[],Almohadas, Cooling,,[],[],[],[],Activa,['87554'],[],,
Almohada Std Sognare Firme,35239,Almohadas,Página 6 / Básicos,11,[],[],[],[],[],Almohadas,Sognare Firme,,[],[],[],[],Activa,['35239'],[],,
Almohada Std Sognare Nuo,87644,Almohadas,Página 6 / Básicos,12,[],[],[],[],[],Almohadas,Sognare Nuo,,[],[],[],[],Activa,['87644'],[],,
Almohada Body Comfort Washed Gris,88845,Almohadas,Página 6 / Básicos,13,[],[],[],[],[],Almohadas,Body Comfort Washed Gris,,[],[],[],[],Activa,['88845'],[],,
Relleno Almohada Std Balance,35838,Almohadas,Página 6 / Básicos,14,[],[],[],[],[],Almohadas,Relleno Balance,,[],[],[],[],Activa,['35838'],[],,
Almohada Viafoam Std Gel Confort,87627,Almohadas,Página 6 / Básicos,15,[],[],[],[],[],Almohadas,Viafoam Gel Confort,,[],[],['viafoam'],[],Activa,['87627'],[],,
Almohada Viafoam Std Duo Soft,87854,Almohadas,Página 6 / Básicos,16,[],[],[],[],[],Almohadas,Viafoam Duo,,[],[],['viafoam'],[],Activa,['87854'],[],,
Cojín Viafoam Ortoconfort Std,36295,Almohadas,Página 6 / Básicos,17,[],[],[],[],[],Almohadas,Ortoconfort,,[],[],['viafoam'],[],Activa,['36295'],[],,
Cojín Viafoam Multiseat Std,86681,Almohadas,Página 6 / Básicos,18,[],[],[],[],[],Almohadas,Multiseat,,[],[],['viafoam'],[],Activa,['86681'],[],,
Cojín Viafoam Std Ortomedic,36297,Almohadas,Página 6 / Básicos,19,[],[],[],[],[],Almohadas,Ortomedic,,[],[],['viafoam'],[],Activa,['36297'],[],,
Almohada Viafoam Std Cool,88619,Almohadas,Página 6 / Básicos,20,[],[],[],[],[],Almohadas,Viafoam Cool,,[],[],['viafoam'],[],Activa,['88619'],[],,
Almohada Lactancia Washed Gris,88741,Almohadas,Página 6 / Básicos,21,[],[],[],[],[],Almohadas,Lactancia Washed Gris,,[],[],[],[],Activa,['88741'],[],,
Funda De Almohada Lactancia Alpes Gris,24924,Almohadas,Página 6 / Básicos,22,[],[],[],[],[],Almohadas,Lactancia Alpes Gris,,[],[],[],[],Activa,['24924'],[],,
Almohada Abrazable Washed Mint,88752,Almohadas Abrazables,Página 6 / Básicos,23,[],[],[],[],[],Sublinea,Washed Mint,,[],[],[],[],Activa,['88752'],[],,
Almohada Abrazable Washed Gris,88751,Almohadas Abrazables,Página 6 / Básicos,24,[],[],[],[],[],Sublinea,Washed Gris,,[],[],[],[],Activa,['88751'],[],,
Almohada Abrazable Blush,88763,Almohadas Abrazables,Página 6 / Básicos,25,[],[],[],[],[],Sublinea,Blush,,[],[],[],[],Activa,['88763'],[],,
Almohada Abrazable Everest Bruselas,87476,Almohadas Abrazables,Página 6 / Básicos,26,[],[],[],[],[],Sublinea,Everest Bruselas,,[],[],[],[],Activa,['87476'],[],,
Almohada Abrazable Everest Barrow,87232,Almohadas Abrazables,Página 6 / Básicos,27,[],[],[],[],[],Sublinea,Everest Barrow,,[],[],[],[],Activa,['87232'],[],,
Almohada Abrazable Everest Deep Rose,88224,Almohadas Abrazables,Página 6 / Básicos,28,[],[],[],[],[],Sublinea,Everest Deep Rose,,[],[],[],[],Activa,['88224'],[],,
Almohada Abrazable Alpes Gris,36193,Almohadas Abrazables,Página 6 / Básicos,29,[],[],[],[],[],Sublinea,Alpes Gris,,[],[],[],[],Activa,['36193'],[],,
Almohada Abrazable Alpes Negro,36292,Almohadas Abrazables,Página 6 / Básicos,30,[],[],[],[],[],Sublinea,Alpes Negro,,[],[],[],[],Activa,['36292'],[],,
Funda De Almohada Abrazable Viasoft Gris,36307,Fundas De Almohada,Página 6 / Básicos,31,[],[],[],[],[],Sublinea, Viasoft Gris,,[],[],['viasoft'],[],Activa,['36307'],[],,
Funda De Almohada Abrazable Viasoft Washed Rose,87813,Fundas De Almohada,Página 6 / Básicos,32,[],[],[],[],[],Sublinea, Viasoft Washed Rose,,[],[],['viasoft'],[],Activa,['87813'],[],,
Protector De Colchón Mat Vialifresh,36082,Protectores De Colchón,Página 6 / Básicos,33,[],[],[],[],[],ProtectoresDeColchon,Vialifresh,,[],[],['vialifresh'],[],Activa,['36082'],[],,
Protector De Colchón Mat Tencel,87743,Protectores De Colchón,Página 6 / Básicos,34,[],[],[],[],[],ProtectoresDeColchon,Tencel,,[],[],[],[],Activa,['87743'],[],,
Protector De Colchón Mat Impermeable,36102,Protectores De Colchón,Página 6 / Básicos,35,[],[],[],[],[],ProtectoresDeColchon,Impermeable,,[],[],[],[],Activa,['36102'],[],,
Protector De Colchón Cuna Impermeable Baby,36111,Protectores De Colchón,Página 6 / Básicos,36,[],[],[],[],[],ProtectoresDeColchon,Impermeable Baby,,[],[],[],[],Activa,['36111'],[],,
Protector De Colchón Mat Básico Plus,24964,Protectores De Colchón,Página 6 / Básicos,37,[],[],[],[],[],ProtectoresDeColchon,Básico Plus,,[],[],[],[],Activa,['24964'],[],,
Protector De Colchón Mat Sognare Nuo,88713,Protectores De Colchón,Página 6 / Básicos,38,[],[],[],[],[],ProtectoresDeColchon,Sognare Nuo,,[],[],[],[],Activa,['88713'],[],,
Colchoneta Confort Mat,36271,Protectores De Colchón,Página 6 / Básicos,39,[],[],[],[],[],ProtectoresDeColchon,Confort,,[],[],[],[],Activa,['36271'],[],,
Colchoneta Memory Foam Mat,88758,Protectores De Colchón,Página 6 / Básicos,40,[],[],[],[],[],ProtectoresDeColchon,Memory Foam,,[],[],[],[],Activa,['88758'],[],,
Sábanas Cabos Mat Almond,88860,Sábanas Cabos,Página 6 / Básicos,41,[],[],[],[],[],VariantesDeColor,Almond,,[],[],[],[],Activa,['88860'],[],,
Sábanas Cabos Mat Gris Neutral,24058,Sábanas Cabos,Página 6 / Básicos,42,[],[],[],[],[],VariantesDeColor,Gris Neutral,,[],[],[],[],Activa,['24058'],[],,
Sábanas Cabos Mat Menta,24051,Sábanas Cabos,Página 6 / Básicos,43,[],[],[],[],[],VariantesDeColor,Menta,,[],[],[],[],Activa,['24051'],[],,
Sábanas Cabos Mat Vialifresh,23649,Sábanas Cabos,Página 6 / Básicos,44,[],[],[],[],[],VariantesDeColor,Vialifresh,,[],[],['vialifresh'],[],Activa,['23649'],[],,
Par Funda De Almohada Std Cabos Blanco,36127,Fundas De Almohada,Página 6 / Básicos,45,[],[],[],[],[],VariantesDeColor,Cabos Blanco,,[],[],[],[],Activa,['36127'],[],,
Par Funda De Almohada Std Cabos Gris,36137,Fundas De Almohada,Página 6 / Básicos,46,[],[],[],[],[],VariantesDeColor,Cabos Gris,,[],[],[],[],Activa,['36137'],[],,
Sábanas Camiseta Mat Azul,88869,Sábanas Camiseta,Página 6 / Básicos,47,[],[],[],[],[],VariantesDeColor,Azul,,[],[],[],[],Activa,['88869'],[],,
Sábanas Camiseta Mat Celeste,88772,Sábanas Camiseta,Página 6 / Básicos,48,[],[],[],[],[],VariantesDeColor,Celeste,,[],[],[],[],Activa,['88772'],[],,
Sábanas Camiseta Mat Almond,88776,Sábanas Camiseta,Página 6 / Básicos,49,[],[],[],[],[],VariantesDeColor,Almond,,[],[],[],[],Activa,['88776'],[],,
Sábanas Camiseta Mat Lila,88416,Sábanas Camiseta,Página 6 / Básicos,50,[],[],[],[],[],VariantesDeColor,Lila,,[],[],[],[],Activa,['88416'],[],,
Sábanas Camiseta Mat Gris Glacial,23737,Sábanas Camiseta,Página 6 / Básicos,51,[],[],[],[],[],VariantesDeColor,Gris Glacial,,[],[],[],[],Activa,['23737'],[],,
Sábanas Modal Mat Iris,88799,Sábanas Modal,Página 6 / Básicos,52,[],[],[],[],[],VariantesDeColor,Iris,,[],[],[],[],Activa,['88799'],[],,
Sábanas Modal Mat Perla,24908,Sábanas Modal,Página 6 / Básicos,53,[],[],[],[],[],VariantesDeColor,Perla,,[],[],[],[],Activa,['24908'],[],,
Sábanas Modal Mat Mint,87779,Sábanas Modal,Página 6 / Básicos,54,[],[],[],[],[],VariantesDeColor,Mint,,[],[],[],[],Activa,['87779'],[],,
Sábanas Viasoft Mat Jade,88634,Sábanas Viasoft,Página 6 / Básicos,55,[],[],[],[],[],VariantesDeColor,Jade,,[],[],['viasoft'],[],Activa,['88634'],[],,
Sábanas Viasoft Mat Almond,88494,Sábanas Viasoft,Página 6 / Básicos,56,[],[],[],[],[],VariantesDeColor,Almond,,[],[],['viasoft'],[],Activa,['88494'],[],,
Sábanas Viasoft Mat Celeste,88555,Sábanas Viasoft,Página 6 / Básicos,57,[],[],[],[],[],VariantesDeColor,Celeste,,[],[],['viasoft'],[],Activa,['88555'],[],,
Sábanas Viasoft Mat Marino,24317,Sábanas Viasoft,Página 6 / Básicos,58,[],[],[],[],[],VariantesDeColor,Marino,,[],[],['viasoft'],[],Activa,['24317'],[],,
Sábanas Viasoft Mat Gris,24146,Sábanas Viasoft,Página 6 / Básicos,59,[],[],[],[],[],VariantesDeColor,Gris,,[],[],['viasoft'],[],Activa,['24146'],[],,
Sábanas Viasoft Mat Lila,87489,Sábanas Viasoft,Página 6 / Básicos,60,[],[],[],[],[],VariantesDeColor,Lila,,[],[],['viasoft'],[],Activa,['87489'],[],,
Par Funda De Almohada Std Viasoft Marino,87674,Fundas De Almohada,Página 6 / Básicos,61,[],[],[],[],[],VariantesDeColor,Viasoft Marino,,[],[],['viasoft'],[],Activa,['87674'],[],,
Par Funda De Almohada Std Viasoft Washed Gris,88805,Fundas De Almohada,Página 6 / Básicos,62,[],[],[],[],[],VariantesDeColor,Viasoft Washed Gris,,[],[],['viasoft'],[],Activa,['88805'],[],,
Sábanas Viasoft Washed Mat Arena,88638,Sábanas Viasoft Washed,Página 6 / Básicos,63,[],[],[],[],[],VariantesDeColor,Arena,,[],[],['viasoft'],[],Activa,['88638'],[],,
Sábanas Viasoft Washed Mat Blush,88642,Sábanas Viasoft Washed,Página 6 / Básicos,64,[],[],[],[],[],VariantesDeColor,Blush,,[],[],['viasoft'],[],Activa,['88642'],[],,
Sábanas Viasoft Washed Mat Gris,88646,Sábanas Viasoft Washed,Página 6 / Básicos,65,[],[],[],[],[],VariantesDeColor,Gris,,[],[],['viasoft'],[],Activa,['88646'],[],,
Sábanas Viasoft Washed Mat Mint,88551,Sábanas Viasoft Washed,Página 6 / Básicos,66,[],[],[],[],[],VariantesDeColor,Mint,,[],[],['viasoft'],[],Activa,['88551'],[],,
Sábanas Viasoft Washed Mat Atlántico,88563,Sábanas Viasoft Washed,Página 6 / Básicos,67,[],[],[],[],[],VariantesDeColor,Atlántico,,[],[],['viasoft'],[],Activa,['88563'],[],,
Sábanas Viasoft Washed Mat Coral,88559,Sábanas Viasoft Washed,Página 6 / Básicos,68,[],[],[],[],[],VariantesDeColor,Coral,,[],[],['viasoft'],[],Activa,['88559'],[],,
Sábanas Viasoft Washed Mat Greige,87493,Sábanas Viasoft Washed,Página 6 / Básicos,69,[],[],[],[],[],VariantesDeColor,Greige,,[],[],['viasoft'],[],Activa,['87493'],[],,
Sábanas Viasoft Washed Mat Rose,87497,Sábanas Viasoft Washed,Página 6 / Básicos,70,[],[],[],[],[],VariantesDeColor,Rose,,[],[],['viasoft'],[],Activa,['87497'],[],,
Rodapié Mat Gris Glacial,39910,Rodapiés,Página 6 / Básicos,71,[],[],[],[],[],VariantesDeColor,Gris Glacial,,[],[],[],[],Activa,['39910'],[],,
Rodapié Mat Lila,88593,Rodapiés,Página 6 / Básicos,72,[],[],[],[],[],VariantesDeColor,Lila,,[],[],[],[],Activa,['88593'],[],,
Rodapié Mat Kaki,87851,Rodapiés,Página 6 / Básicos,73,[],[],[],[],[],VariantesDeColor,Kaki,,[],[],[],[],Activa,['87851'],[],,
Mosquitero Plegable Mat Gris,88885,Mosquitero Plegable,Página 6 / Básicos,74,[],[],[],[],[],Sublinea,Mosquitero Plegable Gris,,[],[],[],[],Activa,['88885'],[],,
Cojines Pampas,87710,Cojines,Página 7 / Complementos,1,[],[],[],[],[],Sublinea,Pampas,,[],[],[],[],Activa,['87710'],[],,
Cojines Trento,88802,Cojines,Página 7 / Complementos,2,[],[],[],[],[],Sublinea,Trento,,[],[],[],[],Activa,['88802'],[],,
Cojín Everest Barrow,87251,Cojín,Página 7 / Complementos,3,[],[],[],[],[],Sublinea,Barrow,,[],[],[],[],Activa,['87251'],[],,
Cojín Everest Bruselas,87252,Cojín,Página 7 / Complementos,4,[],[],[],[],[],Sublinea,Bruselas,,[],[],[],[],Activa,['87252'],[],,
Cojín Cuadrado Everest Deep Rose,88217,Cojín,Página 7 / Complementos,5,[],[],[],[],[],Sublinea,Cuadrado Everest Deep Rose,,[],[],[],[],Activa,['88217'],[],,
Cojín Everest Corazón Deep Rose,88226,Cojín,Página 7 / Complementos,6,[],[],[],[],[],Sublinea,Corazón Deep Rose,,[],[],[],[],Activa,['88226'],[],,
Cojín Esfera Everest Deep Rose,88242,Cojín,Página 7 / Complementos,7,[],[],[],[],[],Sublinea,Esfera Everest Deep Rose,,[],[],[],[],Activa,['88242'],[],,
Cojín Esfera Everest Nebraska,88243,Cojín,Página 7 / Complementos,8,[],[],[],[],[],Sublinea,Esfera Everest Nebraska,,[],[],[],[],Activa,['88243'],[],,
Cojín Deco,87514,Cojín,Página 7 / Complementos,9,[],[],[],[],[],Sublinea,Deco,,[],[],[],[],Activa,['87514'],[],,
Cojín Santorini,87663,Cojín,Página 7 / Complementos,10,[],[],[],[],[],Sublinea,Santorini,,[],[],[],[],Activa,['87663'],[],,
Cojín Caspio,88501,Cojín,Página 7 / Complementos,11,[],[],[],[],[],Sublinea,Caspio,,[],[],[],[],Activa,['88501'],[],,
Cojín Adana,88794,Cojín,Página 7 / Complementos,12,[],[],[],[],[],Sublinea,Adana,,[],[],[],[],Activa,['88794'],[],,
Cojín Rectangular Uxmal,88784,Cojín,Página 7 / Complementos,13,[],[],[],[],[],Sublinea,Rectangular Uxmal,,[],[],[],[],Activa,['88784'],[],,
Cojín Estaño,88516,Cojín,Página 7 / Complementos,14,[],[],[],[],[],Sublinea,Estaño,,[],[],[],[],Activa,['88516'],[],,
Cojín Arena,88755,Cojín,Página 7 / Complementos,15,[],[],[],[],[],Sublinea,Arena,,[],[],[],[],Activa,['88755'],[],,
Cojín Circular Velvet Lila,88500,Cojín,Página 7 / Complementos,16,[],[],[],[],[],Sublinea,Circular Lila,,[],[],[],[],Activa,['88500'],[],,
Funda De Cojín Velvet Mostaza,36647,Fundas De Cojín Velvet,Página 7 / Complementos,17,[],[],[],[],[],VariantesDeColor,Mostaza,,[],[],[],[],Activa,['36647'],[],,
Funda De Cojín Velvet Gris,36689,Fundas De Cojín Velvet,Página 7 / Complementos,18,[],[],[],[],[],VariantesDeColor,Gris,,[],[],[],[],Activa,['36689'],[],,
Funda De Cojín Velvet Azul,36688,Fundas De Cojín Velvet,Página 7 / Complementos,19,[],[],[],[],[],VariantesDeColor,Azul,,[],[],[],[],Activa,['36688'],[],,
Funda De Cojín Velvet Lila,87655,Fundas De Cojín Velvet,Página 7 / Complementos,20,[],[],[],[],[],VariantesDeColor,Lila,,[],[],[],[],Activa,['87655'],[],,
Funda De Cojín Velvet Mint,88542,Fundas De Cojín Velvet,Página 7 / Complementos,21,[],[],[],[],[],VariantesDeColor,Mint,,[],[],[],[],Activa,['88542'],[],,
Funda De Cojín Waffle Turquesa,88574,Fundas De Cojín,Página 7 / Complementos,22,[],[],[],[],[],Sublinea,Waffle Turquesa,,[],[],[],[],Activa,['88574'],[],,
Funda De Cojín Waffle Incienso,88573,Fundas De Cojín,Página 7 / Complementos,23,[],[],[],[],[],Sublinea,Waffle Incienso,,[],[],[],[],Activa,['88573'],[],,
Funda De Cojín Creta,86786,Fundas De Cojín,Página 7 / Complementos,25,[],[],[],[],[],Sublinea,Creta,,[],[],[],[],Activa,['86786'],[],,
Funda De Cojín Corzo,88762,Fundas De Cojín,Página 7 / Complementos,26,[],[],[],[],[],Sublinea,Corzo,,[],[],[],[],Activa,['88762'],[],,
Funda De Cojín Cuadrado Cataluña,88793,Fundas De Cojín,Página 7 / Complementos,27,[],[],[],[],[],Sublinea,Cuadrado Cataluña,,[],[],[],[],Activa,['88793'],[],,
Funda De Cojín Mérida,87500,Fundas De Cojín,Página 7 / Complementos,28,[],[],[],[],[],Sublinea,Mérida,,[],[],[],[],Activa,['87500'],[],,
Funda De Cojín Rectangular Mumbai Beige,36629,Fundas De Cojín,Página 7 / Complementos,29,[],[],[],[],[],Sublinea,Rectangular Mumbai Beige,,[],[],[],[],Activa,['36629'],[],,
Funda De Cojín Rect Mumbai Verde,87800,Fundas De Cojín,Página 7 / Complementos,30,[],[],[],[],[],Sublinea,Rect Mumbai Verde,,[],[],[],[],Activa,['87800'],[],,
Funda De Cojín Rectangular Mumbai Gray,88586,Fundas De Cojín,Página 7 / Complementos,31,[],[],[],[],[],Sublinea,Rectangular Mumbai Gray,,[],[],[],[],Activa,['88586'],[],,
Funda De Cojín Rectangular Mumbai Sand,88588,Fundas De Cojín,Página 7 / Complementos,32,[],[],[],[],[],Sublinea,Rectangular Mumbai Sand,,[],[],[],[],Activa,['88588'],[],,
Funda De Cojín Cuadrado Mumbai Macrame,88587,Fundas De Cojín,Página 7 / Complementos,33,[],[],[],[],[],Sublinea,Cuadrado Mumbai Macrame,,[],[],[],[],Activa,['88587'],[],,
Relleno De Cojín Cuadrado Basic,35937,Rellenos De Cojín,Página 7 / Complementos,34,[],[],[],[],[],Sublinea,Cuadrado Basic,,[],[],[],[],Activa,['35937'],[],,
Relleno De Cojín Rectangular Basic,35989,Rellenos De Cojín,Página 7 / Complementos,35,[],[],[],[],[],Sublinea,Rectangular Basic,,[],[],[],[],Activa,['35989'],[],,
Relleno De Cojín Cuadrado Plus,24990,Rellenos De Cojín,Página 7 / Complementos,36,[],[],[],[],[],Sublinea,Cuadrado Plus,,[],[],[],[],Activa,['24990'],[],,
Funda De Almohada Std Novo Blush,87741,Fundas De Almohada,Página 7 / Complementos,37,[],[],[],[],[],Sublinea,Novo Blush,,[],[],[],[],Activa,['87741'],[],,
Funda De Almohada Std Novo Ultramar,87483,Fundas De Almohada,Página 7 / Complementos,38,[],[],[],[],[],Sublinea,Novo Ultramar,,[],[],[],[],Activa,['87483'],[],,
Funda De Almohada Std Novo Creta,87481,Fundas De Almohada,Página 7 / Complementos,39,[],[],[],[],[],Sublinea,Novo Creta,,[],[],[],[],Activa,['87481'],[],,
Funda De Almohada Std Velvet Gris,36254,Fundas De Almohada,Página 7 / Complementos,40,[],[],[],[],[],Sublinea,Gris,,[],[],[],[],Activa,['36254'],[],,
Funda De Almohada Std Novo Arena,88716,Fundas De Almohada,Página 7 / Complementos,41,[],[],[],[],[],Sublinea,Novo Arena,,[],[],[],[],Activa,['88716'],[],,
Funda De Almohada Std Novo Atlántico,88753,Fundas De Almohada,Página 7 / Complementos,42,[],[],[],[],[],Sublinea,Novo Atlántico,,[],[],[],[],Activa,['88753'],[],,
Funda De Almohada Std Novo Stone,88481,Fundas De Almohada,Página 7 / Complementos,43,[],[],[],[],[],Sublinea,Novo Stone,,[],[],[],[],Activa,['88481'],[],,
Funda De Almohada Std Novo Estaño,88477,Fundas De Almohada,Página 7 / Complementos,44,[],[],[],[],[],Sublinea,Novo Estaño,,[],[],[],[],Activa,['88477'],[],,
Funda De Almohada Std Novo Olivo,86622,Fundas De Almohada,Página 7 / Complementos,45,[],[],[],[],[],Sublinea,Novo Olivo,,[],[],[],[],Activa,['86622'],[],,
Funda De Almohada Std Novo Deep Rose,86621,Fundas De Almohada,Página 7 / Complementos,46,[],[],[],[],[],Sublinea,Novo Deep Rose,,[],[],[],[],Activa,['86621'],[],,
Funda De Almohada Std Velvet Mint,88483,Fundas De Almohada,Página 7 / Complementos,47,[],[],[],[],[],Sublinea,Mint,,[],[],[],[],Activa,['88483'],[],,
Funda De Almohada Europea Gris Neutral,88485,Fundas De Almohada,Página 7 / Complementos,48,[],[],[],[],[],Sublinea,Gris Neutral,,[],[],[],[],Activa,['88485'],[],,
Funda De Almohada Europea Velvet Lila,87515,Fundas De Almohada,Página 7 / Complementos,49,[],[],[],[],[],Sublinea,Lila,,[],[],[],[],Activa,['87515'],[],,
Funda De Almohada Europea Everest Deep Rose,88214,Fundas De Almohada,Página 7 / Complementos,50,[],[],[],[],[],Sublinea,Everest Deep Rose,,[],[],[],[],Activa,['88214'],[],,
Funda De Almohada Europea Everest Palena,88215,Fundas De Almohada,Página 7 / Complementos,51,[],[],[],[],[],Sublinea,Everest Palena,,[],[],[],[],Activa,['88215'],[],,
Funda De Almohada Europea Xl Everest Barrow,87247,Fundas De Almohada,Página 7 / Complementos,52,[],[],[],[],[],Sublinea,Everest Barrow,,[],[],[],[],Activa,['87247'],[],,
Funda De Almohada Europea Muselina Salvia,88705,Fundas De Almohada,Página 7 / Complementos,53,[],[],[],[],[],Sublinea,Muselina Salvia,,[],[],[],[],Activa,['88705'],[],,
Funda De Almohada Europea Waffle Turquesa,88571,Fundas De Almohada,Página 7 / Complementos,54,[],[],[],[],[],Sublinea,Waffle Turquesa,,[],[],[],[],Activa,['88571'],[],,
Funda De Almohada Europea Waffle Incienso,88572,Fundas De Almohada,Página 7 / Complementos,55,[],[],[],[],[],Sublinea,Waffle Incienso,,[],[],[],[],Activa,['88572'],[],,
Funda De Almohada Std Basic Gris,35867,Fundas De Almohada,Página 7 / Complementos,56,[],[],[],[],[],Sublinea,Basic Gris,,[],[],[],[],Activa,['35867'],[],,
Funda De Almohada Std Voga Peony,88809,Fundas De Almohada,Página 7 / Complementos,57,[],[],[],[],[],Sublinea,Voga Peony,,[],[],[],[],Activa,['88809'],[],,
Funda De Almohada Europea Voga Iris,88504,Fundas De Almohada,Página 7 / Complementos,58,[],[],[],[],[],Sublinea,Voga Iris,,[],[],[],[],Activa,['88504'],[],,
Funda De Almohada Std Voga Perla,88503,Fundas De Almohada,Página 7 / Complementos,59,[],[],[],[],[],Sublinea,Voga Perla,,[],[],[],[],Activa,['88503'],[],,
Relleno Almohada Std Balance,35838,Fundas De Almohada,Página 7 / Complementos,60,[],[],[],[],[],Sublinea,Relleno Balance,,[],[],[],[],Activa,['35838'],[],,
Bolsa De Regalo Vianney 24-25,88757,Bolsa De Regalo,Página 7 / Complementos,61,[],[],[],[],[],Sublinea,Bolsa De Regalo Vianney 24-25,,[],[],[],[],Activa,['88757'],[],,
Camino De Mesa Gde Mumbai Olivo,88790,Caminos De Mesa,Página 8 / Comedor y Sala,1,[],[],[],[],[],Sublinea,Mumbai Olivo,,[],[],[],[],Activa,['88790'],[],,
Camino De Mesa Gde Mumbai Gris,87783,Caminos De Mesa,Página 8 / Comedor y Sala,2,[],[],[],[],[],Sublinea,Mumbai Gris,,[],[],[],[],Activa,['87783'],[],,
Camino De Mesa Gde Mumbai Siena,87785,Caminos De Mesa,Página 8 / Comedor y Sala,3,[],[],[],[],[],Sublinea,Mumbai Siena,,[],[],[],[],Activa,['87785'],[],,
Camino De Mesa Gde Mumbai Incienso,88592,Caminos De Mesa,Página 8 / Comedor y Sala,4,[],[],[],[],[],Sublinea,Mumbai Incienso,,[],[],[],[],Activa,['88592'],[],,
Camino De Mesa Gde Corzo,88761,Caminos De Mesa,Página 8 / Comedor y Sala,5,[],[],[],[],[],Sublinea,Corzo,,[],[],[],[],Activa,['88761'],[],,
Camino De Mesa Gde Valencia,88854,Caminos De Mesa,Página 8 / Comedor y Sala,6,[],[],[],[],[],Sublinea,Valencia,,[],[],[],[],Activa,['88854'],[],,
Camino De Mesa Gde Ibiza,86760,Caminos De Mesa,Página 8 / Comedor y Sala,7,[],[],[],[],[],Sublinea,Ibiza,,[],[],[],[],Activa,['86760'],[],,
Camino De Mesa Gde Mumbai Atlántico,88590,Caminos De Mesa,Página 8 / Comedor y Sala,8,[],[],[],[],[],Sublinea,Mumbai Atlántico,,[],[],[],[],Activa,['88590'],[],,
Camino De Mesa Gde Mumbai Arena,87810,Caminos De Mesa,Página 8 / Comedor y Sala,9,[],[],[],[],[],Sublinea,Mumbai Arena,,[],[],[],[],Activa,['87810'],[],,
Camino De Mesa Gde Mumbai Beige,42639,Caminos De Mesa,Página 8 / Comedor y Sala,10,[],[],[],[],[],Sublinea,Mumbai Beige,,[],[],[],[],Activa,['42639'],[],,
Par Manteles Individuales Bambú,88611,Manteles Individuales,Página 8 / Comedor y Sala,11,[],[],[],[],[],Sublinea,Bambú,,[],[],[],[],Activa,['88611'],[],,
Par Manteles Individuales Oval,88610,Manteles Individuales,Página 8 / Comedor y Sala,12,[],[],[],[],[],Sublinea,Oval,,[],[],[],[],Activa,['88610'],[],,
Manteles Individuales Textura Acero,13276,Manteles Individuales,Página 8 / Comedor y Sala,13,[],[],[],[],[],Sublinea,Textura Acero,,[],[],[],[],Activa,['13276'],[],,
Manteles Individuales Gold,48501,Manteles Individuales,Página 8 / Comedor y Sala,14,[],[],[],[],[],Sublinea,Gold,,[],[],[],[],Activa,['48501'],[],,
Manteles Individuales Ajijic,87216,Manteles Individuales,Página 8 / Comedor y Sala,15,[],[],[],[],[],Sublinea,Ajijic,,[],[],[],[],Activa,['87216'],[],,
Par Manteles Individuales Japandi,87485,Manteles Individuales,Página 8 / Comedor y Sala,16,[],[],[],[],[],Sublinea,Japandi,,[],[],[],[],Activa,['87485'],[],,
Mantel Rectangular Creta,88855,Mantel,Página 8 / Comedor y Sala,17,[],[],[],[],[],Sublinea,Creta,,[],[],[],[],Activa,['88855'],[],,
Mantel Rectangular Asturias,88858,Mantel,Página 8 / Comedor y Sala,18,[],[],[],[],[],Sublinea,Asturias,,[],[],[],[],Activa,['88858'],[],,
Mantel Rectangular Cairo,12306,Mantel,Página 8 / Comedor y Sala,19,[],[],[],[],[],Sublinea,Cairo,,[],[],[],[],Activa,['12306'],[],,
Mantel Rectangular Castilla,87906,Mantel,Página 8 / Comedor y Sala,20,[],[],[],[],[],Sublinea,Castilla,,[],[],[],[],Activa,['87906'],[],,
Cortina D Tarento,88620,Cortinas,Página 8 / Comedor y Sala,21,[],[],[],[],[],Sublinea,Cortina D Tarento,,[],[],[],[],Activa,['88620'],[],,
Cortina Trans D Mumbai Blanca,87799,Cortinas,Página 8 / Comedor y Sala,22,[],[],[],[],[],Sublinea,Cortina Trans D Mumbai Blanca,,[],[],[],[],Activa,['87799'],[],,
Cortina D Ibiza,86765,Cortinas,Página 8 / Comedor y Sala,23,[],[],[],[],[],Sublinea,Cortina D Ibiza,,[],[],[],[],Activa,['86765'],[],,
Mantel Rectangular Huerta,87844,Juego de Cocina,Página 8 / Comedor y Sala,24,[],['88893' 'Cortina C Huerta'],[],[],['87846' 'Jgo Cortinas B Huerta'],AmbienteConMiniambiente,Huerta,Juego de cocina,[],['#' 'HORIZONTAL' ''],[],[],Activa,"['87844' ""['88893' 'Cortina C Huerta']""
 ""['87846' 'Jgo Cortinas B Huerta']""]",[],,
Mantel Rectangular Flor De Durazno,88890,Juego de Cocina,Página 8 / Comedor y Sala,25,[],['88891' 'Cortinas C Flor De Durazno'],[],[],['88892' 'Jgo Cortinas B Flor De Durazno'],AmbienteConMiniambiente,Flor De Durazno,Juego de cocina,[],[],[],[],Activa,"['88890' ""['88891' 'Cortinas C Flor De Durazno']""
 ""['88892' 'Jgo Cortinas B Flor De Durazno']""]",[],,
Mantel Rectangular Puebla,12499,Juego de Cocina,Página 8 / Comedor y Sala,26,[],['11710' 'Cortinas C Puebla'],[],[],['11709' 'Jgo Cortinas B Puebla'],AmbienteConMiniambiente,Puebla,Juego de cocina,[],['#' 'DOBLE' ''],[],[],Activa,"['12499' ""['11710' 'Cortinas C Puebla']""
 ""['11709' 'Jgo Cortinas B Puebla']""]",[],,
Cojín Multiusos Porto Denim,88609,Cojín Multiusos Porto,Página 8 / Comedor y Sala,27,[],[],[],[],[],VariantesDeColor,Denim,,[],[],[],[],Activa,['88609'],[],,
Cojín Multiusos Porto Kaki,88608,Cojín Multiusos Porto,Página 8 / Comedor y Sala,28,[],[],[],[],[],VariantesDeColor,Kaki,,[],[],[],[],Activa,['88608'],[],,
Cojín Multiusos Porto Gris Glaciar,88607,Cojín Multiusos Porto,Página 8 / Comedor y Sala,29,[],[],[],[],[],VariantesDeColor,Gris Glaciar,,[],[],[],[],Activa,['88607'],[],,
Protector Silla Veli Dammar,75140,Protectores de Silla,Página 8 / Comedor y Sala,30,[],[],[],[],[],AmbienteConMiniambiente,Veli Dammar,,[],[],[],[],Activa,['75140'],[],,
Protector Silla Veli Marino,75143,Protectores de Silla,Página 8 / Comedor y Sala,31,[],[],[],[],[],AmbienteConMiniambiente,Veli Marino,,[],[],[],[],Activa,['75143'],[],,
Protector Silla Niza Kaki,88534,Protectores de Silla,Página 8 / Comedor y Sala,32,[],[],[],[],[],AmbienteConMiniambiente,Niza Kaki,,[],[],[],[],Activa,['88534'],[],,
Protector Silla Niza Café,87625,Protectores de Silla,Página 8 / Comedor y Sala,33,[],[],[],[],[],AmbienteConMiniambiente,Niza Café,,[],[],[],[],Activa,['87625'],[],,
Mandil Creta,88895,Mandiles,Página 8 / Comedor y Sala,34,[],[],[],[],[],Sublinea,Creta,,[],[],[],[],Activa,['88895'],[],,
Mandil Estaño,88894,Mandiles,Página 8 / Comedor y Sala,35,[],[],[],[],[],Sublinea,Estaño,,[],[],[],[],Activa,['88894'],[],,
Mandil Premium,77560,Mandiles,Página 8 / Comedor y Sala,36,[],[],[],[],[],Sublinea,Premium,,[],[],[],[],Activa,['77560'],[],,
Mandil Ibiza,86764,Mandiles,Página 8 / Comedor y Sala,37,[],[],[],[],[],Sublinea,Ibiza,,[],[],[],[],Activa,['86764'],[],,
Funda De Sillón Niza Sofá Greige,87634,Funda De Sillón Niza,Página 8 / Comedor y Sala,38,[],[],[],[],[],AmbienteConMiniambiente,Greige,,[],['#' '' 'VARIANTES'],[],[],Activa,['87634'],[],,
Funda De Sillón Niza Sofá Verde,88523,Funda De Sillón Niza,Página 8 / Comedor y Sala,39,[],[],[],[],[],AmbienteConMiniambiente,Verde,,[],['#' '' 'VARIANTES'],[],[],Activa,['88523'],[],,
Funda De Sillón Niza Sofá Gris,86677,Funda De Sillón Niza,Página 8 / Comedor y Sala,40,[],[],[],[],[],AmbienteConMiniambiente,Gris,,[],['#' '' 'VARIANTES'],[],[],Activa,['86677'],[],,
Funda De Sillón Niza Sofá Mango,88526,Funda De Sillón Niza,Página 8 / Comedor y Sala,41,[],[],[],[],[],AmbienteConMiniambiente,Mango,,[],['#' '' 'VARIANTES'],[],[],Activa,['88526'],[],,
Funda De Sillón Niza Sofá Marino,87640,Funda De Sillón Niza,Página 8 / Comedor y Sala,42,[],[],[],[],[],AmbienteConMiniambiente,Marino,,[],['#' '' 'VARIANTES'],[],[],Activa,['87640'],[],,
Funda De Sillón Niza Sofá Kaki,88529,Funda De Sillón Niza,Página 8 / Comedor y Sala,43,[],[],[],[],[],AmbienteConMiniambiente,Kaki,,[],['#' '' 'VARIANTES'],[],[],Activa,['88529'],[],,
Funda De Sillón Niza Sofá Café,81009,Funda De Sillón Niza,Página 8 / Comedor y Sala,44,[],[],[],[],[],AmbienteConMiniambiente,Café,,[],['#' '' 'VARIANTES'],[],[],Activa,['81009'],[],,
Fundas De Silla Niza Gris,86672,Fundas De Silla Niza,Página 8 / Comedor y Sala,45,[],[],[],[],[],VariantesDeColor,Niza Gris,,[],[],[],[],Activa,['86672'],[],,
Fundas De Silla Niza Kaki,86673,Fundas De Silla Niza,Página 8 / Comedor y Sala,46,[],[],[],[],[],VariantesDeColor,Niza Kaki,,[],[],[],[],Activa,['86673'],[],,
Fundas De Silla Niza Greige,88532,Fundas De Silla Niza,Página 8 / Comedor y Sala,47,[],[],[],[],[],VariantesDeColor,Niza Greige,,[],[],[],[],Activa,['88532'],[],,
Fundas De Silla Niza Verde,88533,Fundas De Silla Niza,Página 8 / Comedor y Sala,48,[],[],[],[],[],VariantesDeColor,Niza Verde,,[],[],[],[],Activa,['88533'],[],,
Fundas De Silla Niza Café,87641,Fundas De Silla Niza,Página 8 / Comedor y Sala,49,[],[],[],[],[],VariantesDeColor,Niza Café,,[],[],[],[],Activa,['87641'],[],,
Protector De Sala Sofá Dammar,81367,Protectores De Sala,Página 8 / Comedor y Sala,50,[],[],[],[],[],AmbienteConMiniambiente, Dammar,,[],['#' '' 'VARIANTES'],[],[],Activa,['81367'],[],,
Protector De Sala Sofá Gris Neutral,88583,Protectores De Sala,Página 8 / Comedor y Sala,51,[],[],[],[],[],AmbienteConMiniambiente, Gris Neutral,,[],['#' '' 'VARIANTES'],[],[],Activa,['88583'],[],,
Protector De Sala Sofá Beige,88580,Protectores De Sala,Página 8 / Comedor y Sala,52,[],[],[],[],[],AmbienteConMiniambiente, Beige,,[],['#' '' 'VARIANTES'],[],[],Activa,['88580'],[],,
Protector De Sala Sofá Café,87840,Protectores De Sala,Página 8 / Comedor y Sala,53,[],[],[],[],[],AmbienteConMiniambiente, Café,,[],['#' '' 'VARIANTES'],[],[],Activa,['87840'],[],,
Adorno De Pared Cruz,71427,Decoración,Página 9 / Decoración,1,[],[],[],[],[],Sublinea,Adorno De Pared Cruz,,[],[],[],[],Activa,['71427'],[],,
Figura Decorativa Sagrada Familia,42564,Decoración,Página 9 / Decoración,2,[],[],[],[],[],Sublinea,Figura Decorativa Sagrada Familia,,[],[],[],[],Activa,['42564'],[],,
Jgo De Velas Led,77562,Decoración,Página 9 / Decoración,3,[],[],[],[],[],Sublinea,Jgo De Velas Led,,[],[],[],[],Activa,['77562'],[],,
Cuadro Virgen,71428,Cuadros,Página 9 / Decoración,4,[],[],[],[],[],Sublinea,Cuadro Virgen,,[],[],[],[],Activa,['71428'],[],,
Cuadro Virgen De Guadalupe,87310,Cuadros,Página 9 / Decoración,5,[],[],[],[],[],Sublinea,Cuadro Virgen De Guadalupe,,[],[],[],[],Activa,['87310'],[],,
Cuadro Angelito,87577,Cuadros,Página 9 / Decoración,6,[],[],[],[],[],Sublinea,Cuadro Angelito,,[],[],[],[],Activa,['87577'],[],,
Jgo Espejos Auria,51001,Espejos,Página 9 / Decoración,7,[],[],[],[],[],Sublinea,Auria,,[],[],[],[],Activa,['51001'],[],,
Jgo Espejos Gota,42624,Espejos,Página 9 / Decoración,8,[],[],[],[],[],Sublinea,Gota,,[],[],[],[],Activa,['42624'],[],,
Jgo Espejos Asturias,86920,Espejos,Página 9 / Decoración,9,[],[],[],[],[],Sublinea,Asturias,,[],[],[],[],Activa,['86920'],[],,
Jgo Espejos Deco,88181,Espejos,Página 9 / Decoración,10,[],[],[],[],[],Sublinea,Deco,,[],[],[],[],Activa,['88181'],[],,
Portarretratos Love,51009,Portarretratos,Página 9 / Decoración,11,[],[],[],[],[],Sublinea,Love,,[],[],[],[],Activa,['51009'],[],,
Portarretratos Luro,51130,Portarretratos,Página 9 / Decoración,12,[],[],[],[],[],Sublinea,Luro,,[],[],[],[],Activa,['51130'],[],,
Portarretratos Home,88197,Portarretratos,Página 9 / Decoración,13,[],[],[],[],[],Sublinea,Home,,[],[],[],[],Activa,['88197'],[],,
Perchero Tula,87241,Repisas,Página 9 / Decoración,14,[],[],[],[],[],Sublinea,Perchero Tula,,[],[],[],[],Activa,['87241'],[],,
Repisa Calkini,51117,Repisas,Página 9 / Decoración,15,[],[],[],[],[],Sublinea,Calkini,,[],[],[],[],Activa,['51117'],[],,
Repisa Cosala,51201,Repisas,Página 9 / Decoración,16,[],[],[],[],[],Sublinea,Cosala,,[],[],[],[],Activa,['51201'],[],,
Repisa Parra,55176,Repisas,Página 9 / Decoración,17,[],[],[],[],[],Sublinea,Parra,,[],[],[],[],Activa,['55176'],[],,
Repisa Comitán,42627,Repisas,Página 9 / Decoración,18,[],[],[],[],[],Sublinea,Comitán,,[],[],[],[],Activa,['42627'],[],,
Jgo Repisas Taxco,54823,Repisas,Página 9 / Decoración,19,[],[],[],[],[],Sublinea,Jgo Repisas Taxco,,[],[],[],[],Activa,['54823'],[],,
Jgo Repisas Tonalá,88176,Repisas,Página 9 / Decoración,20,[],[],[],[],[],Sublinea,Jgo Repisas Tonalá,,[],[],[],[],Activa,['88176'],[],,
Repisa Mina Natural,51213,Repisas,Página 9 / Decoración,21,[],[],[],[],[],Sublinea,Mina Natural,,[],[],[],[],Activa,['51213'],[],,
Repisa Ixtlán,88175,Repisas,Página 9 / Decoración,22,[],[],[],[],[],Sublinea,Ixtlán,,[],[],[],[],Activa,['88175'],[],,
Tapete Decorativo Mumbai Hojas,88584,Tapetes Decorativos,Página 9 / Decoración,23,[],[],[],[],[],VariantesDeColor,Mumbai Hojas,,[],[],[],[],Activa,['88584'],[],,
Tapete Decorativo Mumbai Azul,87758,Tapetes Decorativos,Página 9 / Decoración,24,[],[],[],[],[],VariantesDeColor,Mumbai Azul,,[],[],[],[],Activa,['87758'],[],,
Tapete Decorativo Everest Aria,88715,Tapetes Decorativos,Página 9 / Decoración,25,[],[],[],[],[],VariantesDeColor,Everest Aria,,[],[],[],[],Activa,['88715'],[],,
Tapete Decorativo Everest Deep Rose,88236,Tapetes Decorativos,Página 9 / Decoración,26,[],[],[],[],[],VariantesDeColor,Everest Deep Rose,,[],[],[],[],Activa,['88236'],[],,
Tapete Decorativo Everest Barrow,87229,Tapetes Decorativos,Página 9 / Decoración,27,[],[],[],[],[],VariantesDeColor,Everest Barrow,,[],[],[],[],Activa,['87229'],[],,
Bolsa De Regalo Vianney 24-25,88757,Bolsa De Regalo,Página 9 / Decoración,28,[],[],[],[],[],Sublinea,Bolsa De Regalo Vianney 24-25,,[],[],[],[],Activa,['88757'],[],,
Cortinas Blackout Larga Catania Kaki,88629,Cortinas Blackout,Página 10 / Cortinas,1,[],[],[],[],[],VariantesDeColor,Catania Kaki,,[],[],[],[],Activa,['88629'],[],,
Cortinas Blackout Larga Catania Blush,88631,Cortinas Blackout,Página 10 / Cortinas,2,[],[],[],[],[],VariantesDeColor,Catania Blush,,[],[],[],[],Activa,['88631'],[],,
Cortinas Blackout Larga Catania Celeste,88414,Cortinas Blackout,Página 10 / Cortinas,3,[],[],[],[],[],VariantesDeColor,Catania Celeste,,[],[],[],[],Activa,['88414'],[],,
Cortinas Blackout Larga Catania Marino,63946,Cortinas Blackout,Página 10 / Cortinas,4,[],[],[],[],[],VariantesDeColor,Catania Marino,,[],[],[],[],Activa,['63946'],[],,
Cortinas Blackout Larga Catania Beige,63930,Cortinas Blackout,Página 10 / Cortinas,5,[],[],[],[],[],VariantesDeColor,Catania Beige,,[],[],[],[],Activa,['63930'],[],,
Cortinas Blackout Larga Catania Gris,63961,Cortinas Blackout,Página 10 / Cortinas,6,[],[],[],[],[],VariantesDeColor,Catania Gris,,[],[],[],[],Activa,['63961'],[],,
Cortinas Blackout Larga Catania Deep Rose,87546,Cortinas Blackout,Página 10 / Cortinas,7,[],[],[],[],[],VariantesDeColor,Catania Deep Rose,,[],[],[],[],Activa,['87546'],[],,
Cortinas Blackout Larga Catania Lila,87548,Cortinas Blackout,Página 10 / Cortinas,8,[],[],[],[],[],VariantesDeColor,Catania Lila,,[],[],[],[],Activa,['87548'],[],,
Cortinas Ravenna Larga Marfil,63932,Cortinas Ravenna,Página 10 / Cortinas,9,[],[],[],[],[],VariantesDeColor,Marfil,,[],[],[],[],Activa,['63932'],[],,
Cortinas Ravenna Larga Kaki,87835,Cortinas Ravenna,Página 10 / Cortinas,10,[],[],[],[],[],VariantesDeColor,Kaki,,[],[],[],[],Activa,['87835'],[],,
Cortinas Ravenna Larga Gris Glaciar,87836,Cortinas Ravenna,Página 10 / Cortinas,11,[],[],[],[],[],VariantesDeColor,Gris Glaciar,,[],[],[],[],Activa,['87836'],[],,
"Cortinas Duo 1,30X1,50 Gris",64136,Cortinas Duo,Página 10 / Cortinas,12,[],[],[],[],[],Sublinea,"Cortinas Duo 1,30X1,50 Gris",,[],[],[],[],Activa,['64136'],[],,
Cortinas Viasoft Larga Gris,63988,Cortinas Viasoft,Página 10 / Cortinas,13,[],[],[],[],[],VariantesDeColor,Gris,,[],[],['viasoft'],[],Activa,['63988'],[],,
Cortinas Viasoft Larga Marino,63987,Cortinas Viasoft,Página 10 / Cortinas,14,[],[],[],[],[],VariantesDeColor,Marino,,[],[],['viasoft'],[],Activa,['63987'],[],,
Cortinas Viasoft Larga Lila,88488,Cortinas Viasoft,Página 10 / Cortinas,15,[],[],[],[],[],VariantesDeColor,Lila,,[],[],['viasoft'],[],Activa,['88488'],[],,
Cortinas Viasoft Larga Almond,88486,Cortinas Viasoft,Página 10 / Cortinas,16,[],[],[],[],[],VariantesDeColor,Almond,,[],[],['viasoft'],[],Activa,['88486'],[],,
Cortinas Viasoft Larga Rosa Matura,64045,Cortinas Viasoft,Página 10 / Cortinas,17,[],[],[],[],[],VariantesDeColor,Rosa Matura,,[],[],['viasoft'],[],Activa,['64045'],[],,
Cortinas Viasoft Corta Terracota,88649,Cortinas Viasoft,Página 10 / Cortinas,18,[],[],[],[],[],VariantesDeColor,Terracota,,[],[],['viasoft'],[],Activa,['88649'],[],,
Cortinas Viasoft Larga Blush,88457,Cortinas Viasoft,Página 10 / Cortinas,19,[],[],[],[],[],VariantesDeColor,Blush,,[],[],['viasoft'],[],Activa,['88457'],[],,
Cortinas Viasoft Larga Glaciar,87473,Cortinas Viasoft,Página 10 / Cortinas,20,[],[],[],[],[],VariantesDeColor,Glaciar,,[],[],['viasoft'],[],Activa,['87473'],[],,
Cortinas Viasoft Washed Larga Kaki,88627,Cortinas Viasoft Washed,Página 10 / Cortinas,21,[],[],[],[],[],VariantesDeColor,Washed Kaki,,[],[],['viasoft'],[],Activa,['88627'],[],,
Cortinas Viasoft Washed Larga Mint,88549,Cortinas Viasoft Washed,Página 10 / Cortinas,22,[],[],[],[],[],VariantesDeColor,Washed Mint,,[],[],['viasoft'],[],Activa,['88549'],[],,
Cortinas Translúcidas Larga Tergal Beige,87863,Cortinas Translúcidas,Página 10 / Cortinas,23,[],[],[],[],[],VariantesDeColor,Tergal Beige,,[],[],[],[],Activa,['87863'],[],,
Cortinas Translúcidas Larga Tergal Blanco,87865,Cortinas Translúcidas,Página 10 / Cortinas,24,[],[],[],[],[],VariantesDeColor,Tergal Blanco,,[],[],[],[],Activa,['87865'],[],,
Cortinas Translúcidas Larga Tarento,88530,Cortinas Translúcidas,Página 10 / Cortinas,25,[],[],[],[],[],VariantesDeColor,Tarento,,[],[],[],[],Activa,['88530'],[],,
Cortinas Translúcidas Larga Verona,87868,Cortinas Translúcidas,Página 10 / Cortinas,26,[],[],[],[],[],VariantesDeColor,Verona,,[],[],[],[],Activa,['87868'],[],,
Cortinas Translúcidas Larga Florencia,87448,Cortinas Translúcidas,Página 10 / Cortinas,27,[],[],[],[],[],VariantesDeColor,Florencia,,[],[],[],[],Activa,['87448'],[],,
Sujetadores De Cortina Gris,87624,Sujetadores De Cortina,Página 10 / Cortinas,28,[],[],[],[],[],Sublinea,Sujetadores De Cortina Gris,,[],[],[],[],Activa,['87624'],[],,
Terminales Congo,65172,Terminales,Página 10 / Cortinas,29,[],[],[],[],[],Sublinea,Terminales Congo,,[],[],[],[],Activa,['65172'],[],,
Terminales Nilo,65169,Terminales,Página 10 / Cortinas,30,[],[],[],[],[],Sublinea,Terminales Nilo,,[],[],[],[],Activa,['65169'],[],,
Terminales Cartago,65010,Terminales,Página 10 / Cortinas,31,[],[],[],[],[],Sublinea,Terminales Cartago,,[],[],[],[],Activa,['65010'],[],,
Toalla Caribe Baño Marino,44199,Toallas Caribe,Página 11 / Baño,1,[],[],[],[],[],VariantesDeColor,Marino,,[],[],[],[],Activa,['44199'],[],,
Toalla Caribe Baño Turquesa,44203,Toallas Caribe,Página 11 / Baño,2,[],[],[],[],[],VariantesDeColor,Turquesa,,[],[],[],[],Activa,['44203'],[],,
Toalla Caribe Baño Deep Rose,87432,Toallas Caribe,Página 11 / Baño,3,[],[],[],[],[],VariantesDeColor,Deep Rose,,[],[],[],[],Activa,['87432'],[],,
Toalla Caribe Baño Lila,86716,Toallas Caribe,Página 11 / Baño,4,[],[],[],[],[],VariantesDeColor,Lila,,[],[],[],[],Activa,['86716'],[],,
Toalla Caribe Baño Bugambilia,44204,Toallas Caribe,Página 11 / Baño,5,[],[],[],[],[],VariantesDeColor,Bugambilia,,[],[],[],[],Activa,['44204'],[],,
Toalla Caribe Baño Aqua,88450,Toallas Caribe,Página 11 / Baño,6,[],[],[],[],[],VariantesDeColor,Aqua,,[],[],[],[],Activa,['88450'],[],,
Toalla Caribe Baño Olivo,88769,Toallas Caribe,Página 11 / Baño,7,[],[],[],[],[],VariantesDeColor,Olivo,,[],[],[],[],Activa,['88769'],[],,
Toalla Caribe Baño Gris,88770,Toallas Caribe,Página 11 / Baño,8,[],[],[],[],[],VariantesDeColor,Gris,,[],[],[],[],Activa,['88770'],[],,
Toalla Balandra 1/2 Baño Azul,88531,Toallas Balandra,Página 11 / Baño,9,[],[],[],[],[],VariantesDeColor,Azul,,[],[],[],[],Activa,['88531'],[],,
Toalla Balandra 1/2 Baño Rosa,48528,Toallas Balandra,Página 11 / Baño,10,[],[],[],[],[],VariantesDeColor,Rosa,,[],[],[],[],Activa,['48528'],[],,
Toalla Balandra 1/2 Baño Hojas,87643,Toallas Balandra,Página 11 / Baño,11,[],[],[],[],[],VariantesDeColor,Hojas,,[],[],[],[],Activa,['87643'],[],,
Toalla Modal Baño Ocre,88412,Toallas Modal,Página 11 / Baño,12,[],[],[],[],[],VariantesDeColor,Ocre,,[],[],[],[],Activa,['88412'],[],,
Toalla Modal Baño Blush,88413,Toallas Modal,Página 11 / Baño,13,[],[],[],[],[],VariantesDeColor,Blush,,[],[],[],[],Activa,['88413'],[],,
Toalla Modal Baño Azul,42536,Toallas Modal,Página 11 / Baño,14,[],[],[],[],[],VariantesDeColor,Azul,,[],[],[],[],Activa,['42536'],[],,
Toalla Modal Baño Lila,42486,Toallas Modal,Página 11 / Baño,15,[],[],[],[],[],VariantesDeColor,Lila,,[],[],[],[],Activa,['42486'],[],,
Toalla Modal Baño Deep Blue,42572,Toallas Modal,Página 11 / Baño,16,[],[],[],[],[],VariantesDeColor,Deep Blue,,[],[],[],[],Activa,['42572'],[],,
Toalla Modal Baño Verde,42832,Toallas Modal,Página 11 / Baño,17,[],[],[],[],[],VariantesDeColor,Verde,,[],[],[],[],Activa,['42832'],[],,
Jgo Toallas Voga Lyon Pullman,88783,Toallas Voga,Página 11 / Baño,18,[],[],[],[],[],VariantesDeColor,Jgo Toallas Voga Lyon,,[],[],[],[],Activa,['88783'],[],,
Jgo Toallas Voga Arlés Pullman,42576,Toallas Voga,Página 11 / Baño,19,[],[],[],[],[],VariantesDeColor,Jgo Toallas Voga Arlés,,[],[],[],[],Activa,['42576'],[],,
Jgo Toallas Voga Marsella Pullman,86722,Toallas Voga,Página 11 / Baño,20,[],[],[],[],[],VariantesDeColor,Jgo Toallas Voga Marsella,,[],[],[],[],Activa,['86722'],[],,
Toalla Tulum 1/2 Baño Verde,88767,Toallas Tulum,Página 11 / Baño,21,[],[],[],[],[],VariantesDeColor,Verde,,[],[],[],[],Activa,['88767'],[],,
Toalla Tulum 1/2 Baño Aqua,88768,Toallas Tulum,Página 11 / Baño,22,[],[],[],[],[],VariantesDeColor,Aqua,,[],[],[],[],Activa,['88768'],[],,
Toalla Tulum 1/2 Baño Bugambilia,43842,Toallas Tulum,Página 11 / Baño,23,[],[],[],[],[],VariantesDeColor,Bugambilia,,[],[],[],[],Activa,['43842'],[],,
Toalla Tulum Baño Marino,88766,Toallas Tulum,Página 11 / Baño,24,[],[],[],[],[],VariantesDeColor,Marino,,[],[],[],[],Activa,['88766'],[],,
Toalla Tulum 1/2 Baño Deep Rose,87437,Toallas Tulum,Página 11 / Baño,25,[],[],[],[],[],VariantesDeColor,Deep Rose,,[],[],[],[],Activa,['87437'],[],,
Toalla Tulum 1/2 Baño Capri,88664,Toallas Tulum,Página 11 / Baño,26,[],[],[],[],[],VariantesDeColor,Capri,,[],[],[],[],Activa,['88664'],[],,
Toalla Tulum Baño Rosé,88765,Toallas Tulum,Página 11 / Baño,27,[],[],[],[],[],VariantesDeColor,Rosé,,[],[],[],[],Activa,['88765'],[],,
Toalla Mawi Baño Franjas,42466,Toallas Mawi,Página 11 / Baño,28,[],[],[],[],[],VariantesDeColor,Franjas,,[],[],[],[],Activa,['42466'],[],,
Toalla Mawi Baño Gris,42567,Toallas Mawi,Página 11 / Baño,29,[],[],[],[],[],VariantesDeColor,Gris,,[],[],[],[],Activa,['42567'],[],,
Toalla Mawi Baño Deep Blue,42604,Toallas Mawi,Página 11 / Baño,30,[],[],[],[],[],VariantesDeColor,Deep Blue,,[],[],[],[],Activa,['42604'],[],,
Toalla Mawi Baño Malva,87434,Toallas Mawi,Página 11 / Baño,31,[],[],[],[],[],VariantesDeColor,Malva,,[],[],[],[],Activa,['87434'],[],,
Toalla Mawi Baño Kentia,87815,Toallas Mawi,Página 11 / Baño,32,[],[],[],[],[],VariantesDeColor,Kentia,,[],[],[],[],Activa,['87815'],[],,
Toalla Microsport Gym Lila,88566,Toallas Microsport,Página 11 / Baño,33,[],[],[],[],[],Sublinea,Gym Lila,,[],[],[],[],Activa,['88566'],[],,
Toalla Microsport Gym Negro,42459,Toallas Microsport,Página 11 / Baño,34,[],[],[],[],[],Sublinea,Gym Negro,,[],[],[],[],Activa,['42459'],[],,
Toalla Bordada Pullman Creta,87858,Toallas Pullman,Página 11 / Baño,35,[],[],[],[],[],Sublinea,Toalla Bordada Creta,,[],[],[],[],Activa,['87858'],[],,
Jgo Toallas Voga Lyon Pullman,88783,Toallas Pullman,Página 11 / Baño,36,[],[],[],[],[],Sublinea,Jgo Toallas Voga Lyon,,[],[],[],[],Activa,['88783'],[],,
Jgo Toallas Voga Arlés Pullman,42576,Toallas Pullman,Página 11 / Baño,37,[],[],[],[],[],Sublinea,Jgo Toallas Voga Arlés,,[],[],[],[],Activa,['42576'],[],,
Jgo Toallas Voga Marsella Pullman,86722,Toallas Pullman,Página 11 / Baño,38,[],[],[],[],[],Sublinea,Jgo Toallas Voga Marsella,,[],[],[],[],Activa,['86722'],[],,
Bata De Baño Uni Tulum Gris,88408,Batas De Baño,Página 11 / Baño,39,[],[],[],[],[],VariantesDeColor,Tulum Gris,,[],[],[],[],Activa,['88408'],[],,
Bata De Baño Uni Tulum Marino,88394,Batas De Baño,Página 11 / Baño,40,[],[],[],[],[],VariantesDeColor,Tulum Marino,,[],[],[],[],Activa,['88394'],[],,
Bata De Baño Uni Tulum Deep Rose,88395,Batas De Baño,Página 11 / Baño,41,[],[],[],[],[],VariantesDeColor,Tulum Deep Rose,,[],[],[],[],Activa,['88395'],[],,
Bata De Baño Uni Soft Gris,88407,Batas De Baño,Página 11 / Baño,42,[],[],[],[],[],VariantesDeColor,Gris,,[],[],[],[],Activa,['88407'],[],,
Bata De Baño Uni Soft Marino,52043,Batas De Baño,Página 11 / Baño,43,[],[],[],[],[],VariantesDeColor,Marino,,[],[],[],[],Activa,['52043'],[],,
Bata De Baño Uni Soft Rosa Matura,77493,Batas De Baño,Página 11 / Baño,44,[],[],[],[],[],VariantesDeColor,Rosa Matura,,[],[],[],[],Activa,['77493'],[],,
Salida De Baño Uni Tulum Rosé,88405,Salidas De Baño,Página 11 / Baño,45,[],[],[],[],[],Sublinea,Tulum Rosé,,[],[],[],[],Activa,['88405'],[],,
Salida De Baño Uni Tulum Deep Rose,88397,Salidas De Baño,Página 11 / Baño,46,[],[],[],[],[],Sublinea,Tulum Deep Rose,,[],[],[],[],Activa,['88397'],[],,
Toalla Para Cabeza Tulum Rosé,88406,Toallas Para Cabeza,Página 11 / Baño,47,[],[],[],[],[],Sublinea,Rosé,,[],[],[],[],Activa,['88406'],[],,
Toalla Para Cabeza Tulum Deep Rose,88396,Toallas Para Cabeza,Página 11 / Baño,48,[],[],[],[],[],Sublinea,Deep Rose,,[],[],[],[],Activa,['88396'],[],,
Toalla Para Cabeza Tulum Candy,88403,Toallas Para Cabeza,Página 11 / Baño,49,[],[],[],[],[],Sublinea,Candy,,[],[],[],[],Activa,['88403'],[],,
Cortina De Baño Aqua,88410,Cortinas De Baño,Página 11 / Baño,50,[],[],[],[],[],Sublinea,Cortina De Aqua,,[],[],[],[],Activa,['88410'],[],,
Cortina De Baño Zamia,86546,Cortinas De Baño,Página 11 / Baño,51,[],[],[],[],[],Sublinea,Cortina De Zamia,,[],[],[],[],Activa,['86546'],[],,
Cortina De Baño Hojarasca,87418,Cortinas De Baño,Página 11 / Baño,52,[],[],[],[],[],Sublinea,Cortina De Hojarasca,,[],[],[],[],Activa,['87418'],[],,
"Tubo Blanco 1,05A1,83",65182,Accesorio De Baño,Página 11 / Baño,53,[],[],[],[],[],Sublinea,Tubo Blanco,,[],[],[],[],Activa,['65182'],[],,
"Tubo 1,00A1,80 Sencillo Congo",65174,Tubos,Página 11 / Baño,54,[],[],[],[],[],Sublinea,Tubo Sencillo Congo,,[],[],[],[],Activa,['65174'],[],,
"Tubo 1,00A1,80 Doble Congo",65176,Tubos,Página 11 / Baño,55,[],[],[],[],[],Sublinea,Tubo Doble Congo,,[],[],[],[],Activa,['65176'],[],,
"Tubo 1,00A1,80 Sencillo Olimpia",65151,Tubos,Página 11 / Baño,56,[],[],[],[],[],Sublinea,Tubo Sencillo Olimpia,,[],[],[],[],Activa,['65151'],[],,
"Tubo 1,00A1,80 Doble Olimpia",65153,Tubos,Página 11 / Baño,57,[],[],[],[],[],Sublinea,Tubo Doble Olimpia,,[],[],[],[],Activa,['65153'],[],,
Tapete De Baño Soft Aqua,88409,Tapetes De Baño,Página 11 / Baño,58,[],[],[],[],[],VariantesDeColor,Aqua,,[],[],[],[],Activa,['88409'],[],,
Tapete De Baño Soft Gris Glacial,87622,Tapetes De Baño,Página 11 / Baño,59,[],[],[],[],[],VariantesDeColor,Gris Glacial,,[],[],[],[],Activa,['87622'],[],,
Tapete De Baño Soft Incienso,87623,Tapetes De Baño,Página 11 / Baño,60,[],[],[],[],[],VariantesDeColor,Incienso,,[],[],[],[],Activa,['87623'],[],,
Vianney Home Velas 250 Gr Berry Mandarin,86728,Vianney Home Velas,Página 12 / Vialité,1,[],[],[],[],[],Sublinea,Berry Mandarin,,[],[],[],[],Activa,['86728'],[],,
Vianney Home Velas 250 Gr Manzana-Canela,87886,Vianney Home Velas,Página 12 / Vialité,2,[],[],[],[],[],Sublinea,Manzana-Canela,,[],[],[],[],Activa,['87886'],[],,
Vianney Home Velas 250 Gr Tropical,88654,Vianney Home Velas,Página 12 / Vialité,3,[],[],[],[],[],Sublinea,Tropical,,[],[],[],[],Activa,['88654'],[],,
Difusor 60 Ml Manzana-Canela,57036,Difusores,Página 12 / Vialité,4,[],[],[],[],[],Sublinea,Manzana-Canela,,[],[],[],[],Activa,['57036'],[],,
Difusor 60 Ml Frutos Rojos,77509,Difusores,Página 12 / Vialité,5,[],[],[],[],[],Sublinea,Frutos Rojos,,[],[],[],[],Activa,['77509'],[],,
Difusor 60 Ml Lavanda,86682,Difusores,Página 12 / Vialité,6,[],[],[],[],[],Sublinea,Lavanda,,[],[],[],[],Activa,['86682'],[],,
Difusor 60 Ml Berry Mandarin,87887,Difusores,Página 12 / Vialité,7,[],[],[],[],[],Sublinea,Berry Mandarin,,[],[],[],[],Activa,['87887'],[],,
Difusor 60 Ml Floral Candy,88653,Difusores,Página 12 / Vialité,8,[],[],[],[],[],Sublinea,Floral Candy,,[],[],[],[],Activa,['88653'],[],,
Protect 125 Ml Serenity,86852,Protect,Página 12 / Vialité,9,[],[],[],[],[],Sublinea,Serenity,,[],[],[],[],Activa,['86852'],[],,
Protect 125 Ml Eucalité,86853,Protect,Página 12 / Vialité,10,[],[],[],[],[],Sublinea,Eucalité,,[],[],[],[],Activa,['86853'],[],,
Repelente De Mosquitos 125 Ml,86855,Protect,Página 12 / Vialité,11,[],[],[],[],[],Sublinea,Repelente De Mosquitos ,,[],[],[],[],Activa,['86855'],[],,
Protect 125 Ml Vialifresh,86854,Protect,Página 12 / Vialité,12,[],[],[],[],[],Sublinea,Vialifresh,,[],[],['vialifresh'],[],Activa,['86854'],[],,
Bolsa De Regalo Vianney 24-25,88757,Bolsa De Regalo,Página 12 / Vialité,13,[],[],[],[],[],Sublinea,Bolsa De Regalo Vianney 24-25,,[],[],[],[],Activa,['88757'],[],,
